DATE,PM_10,PM_2_5,TEMP,PRESS,HUMID
20231128-151139,4.30,1.10,19.36,100564.88,56.91
20231128-151407,3.60,1.20,19.36,100570.09,56.99
20231128-151634,3.08,1.20,19.36,100570.88,57.30
20231128-151900,4.80,1.00,19.34,100572.94,57.03
20231128-152129,2.65,1.10,19.36,100564.88,57.41
20231128-152356,3.17,1.20,19.38,100576.72,57.05
20231128-152623,5.57,1.20,19.34,100570.31,57.66
20231128-152849,3.28,1.20,19.38,100579.34,57.41
20231128-153119,3.88,1.15,19.39,100580.16,57.02
20231128-153346,3.03,0.90,19.37,100582.97,57.31
20231128-153613,3.05,1.17,19.36,100585.78,57.62
20231128-153840,2.67,1.17,19.35,100584.97,57.58
20231128-154107,1.08,0.88,19.39,100585.38,57.12
20231128-154334,2.92,1.20,19.38,100583.75,57.27
20231128-154601,10.10,1.35,20.07,100591.53,56.63
20231128-155001,NA,NA,NA,NA,
20231128-164151,2.72,1.02,19.93,100605.72,56.65
20231128-164417,1.92,0.95,19.93,100597.88,56.22
20231128-164644,1.25,0.80,19.83,100599.16,56.02
20231128-164911,2.40,0.95,19.71,100586.97,56.16
20231128-165138,2.45,1.08,19.73,100593.59,56.49
20231128-165406,3.30,1.00,19.80,100596.19,56.40
20231128-165633,1.90,0.75,19.84,100589.50,56.42
20231128-165900,2.67,0.80,19.88,100600.34,55.98
20231128-170127,3.60,1.02,19.81,100603.00,56.10
20231128-170354,2.60,0.90,19.80,100604.03,56.23
20231128-170621,3.30,0.98,19.78,100599.00,56.99
20231128-170848,3.58,1.00,19.85,100601.56,56.66
20231128-171114,2.08,0.93,19.84,100599.97,56.37
20231128-171341,1.45,0.90,19.82,100598.56,56.28
20231128-171648,5.45,0.90,19.75,100604.66,57.01
20231128-171915,4.55,1.05,19.83,100603.59,56.38
20231128-172142,3.45,1.00,19.87,100601.34,56.72
20231128-172409,3.15,0.80,19.88,100597.72,56.23
20231128-172640,3.55,1.20,19.83,100598.38,56.12
20231128-172907,3.80,1.20,19.89,100600.13,56.14
20231128-173134,1.58,0.90,19.87,100601.34,56.07
20231128-173401,6.07,1.20,19.68,100595.25,56.64
20231128-173628,2.92,1.10,19.56,100602.97,57.28
20231128-173856,5.78,1.15,19.72,100602.47,57.47
20231128-174123,5.50,1.45,19.60,100603.34,56.75
20231128-174350,11.07,2.40,19.38,100609.91,55.87
20231128-174617,10.50,2.20,19.31,100609.13,56.51
20231128-174844,8.25,2.28,19.37,100603.06,57.11
20231128-175111,7.05,1.80,19.42,100603.25,56.38
20231128-175338,8.50,2.25,19.49,100604.03,56.33
20231128-175606,7.50,1.70,19.54,100604.19,56.53
20231128-175836,5.85,1.63,19.50,100603.00,56.61
20231128-180103,9.18,2.00,19.37,100600.47,56.71
20231128-180330,6.35,1.88,19.33,100599.28,57.13
20231128-180823,5.28,1.80,19.33,100602.69,57.68
20231128-181050,9.43,2.10,19.29,100595.47,57.77
20231128-181317,6.70,1.70,19.35,100594.63,57.27
20231128-181544,4.70,1.83,19.31,100583.81,57.25
20231128-181811,5.45,1.65,19.40,100589.59,57.65
20231128-182038,5.45,2.00,19.39,100585.38,57.42
20231128-182305,5.15,1.80,19.38,100594.22,57.49
20231128-182531,5.20,1.73,19.41,100585.94,57.33
20231128-182758,5.90,1.90,19.36,100585.78,57.58
20231128-183025,6.63,1.90,19.30,100587.41,57.38
20231128-183251,6.35,2.10,19.26,100594.06,57.95
20231128-183518,4.47,1.80,19.20,100587.03,57.53
20231128-183745,6.43,1.83,19.19,100590.66,57.54
20231128-184012,6.25,1.83,19.15,100596.53,57.72
20231128-184239,7.95,2.28,19.15,100597.31,57.74
20231128-184506,5.15,2.13,19.14,100600.13,57.85
20231129-105404,2.47,1.20,21.46,99720.47,37.89
20231129-105630,1.73,1.10,21.31,99720.25,38.27
20231129-105856,3.75,1.40,21.16,99718.25,37.97
20231129-110123,3.55,1.17,21.03,99709.94,37.50
20231129-110409,1.42,1.00,21.12,99714.53,37.44
20231129-110635,1.42,0.95,21.16,99712.19,37.00
20231129-110905,3.63,1.20,21.22,99708.59,37.32
20231129-111132,2.50,1.10,21.15,99705.38,37.48
20231129-111359,2.05,1.10,21.11,99707.66,36.83
20231129-111627,1.73,1.10,21.11,99702.44,37.12
20231129-111854,1.15,0.93,21.13,99708.22,36.98
20231129-112120,1.33,1.10,21.17,99711.94,36.24
20231129-112348,1.20,1.10,21.22,99704.16,36.05
20231129-112615,2.33,1.10,21.23,99707.59,36.54
20231129-112841,1.35,1.08,21.26,99699.25,36.14
20231129-113108,1.77,1.10,21.24,99696.06,35.96
20231129-113335,1.48,1.15,21.28,99689.28,35.81
20231129-113601,1.65,1.17,21.27,99679.84,35.88
20231129-113829,1.20,1.10,21.25,99671.41,35.76
20231129-114057,1.23,1.02,21.27,99672.75,35.80
20231129-114324,1.33,1.23,21.36,99665.25,35.93
20231129-114553,1.83,1.20,21.31,99659.94,35.69
20231129-114822,2.17,1.20,21.34,99655.00,35.55
20231129-115048,1.95,1.20,21.39,99654.28,35.73
20231129-115316,3.00,1.35,21.38,99650.03,34.93
20231129-115543,1.67,1.05,21.41,99655.59,35.70
20231129-115837,1.55,1.23,21.42,99649.31,35.69
20231129-120105,2.67,1.58,21.51,99655.72,35.45
20231129-120353,1.35,1.10,21.56,99647.09,35.52
20231129-120640,1.88,1.48,21.63,99640.63,35.04
20231129-120948,1.38,1.23,21.63,99635.38,35.05
20231129-121232,2.67,1.50,21.58,99622.22,34.81
20231129-121502,2.53,1.40,21.68,99626.78,34.75
20231129-121728,2.50,1.50,21.71,99631.53,34.40
20231129-121955,1.83,1.20,21.73,99629.44,34.63
20231129-122231,1.77,1.13,21.74,99623.19,34.86
20231129-122504,2.03,1.23,21.74,99628.44,34.37
20231129-122734,1.48,1.30,21.77,99629.75,34.76
20231129-123025,2.20,1.20,21.79,99630.31,34.20
20231129-123254,1.23,1.10,21.77,99622.69,34.16
20231129-123525,1.85,1.30,21.76,99618.50,33.99
20231129-123755,1.85,1.10,21.74,99604.81,34.17
20231129-124023,2.00,1.10,21.76,99605.38,34.31
20231129-124250,1.88,0.98,21.78,99605.91,33.80
20231129-124517,1.30,1.10,21.73,99590.09,33.64
20231129-124743,1.17,1.08,21.80,99593.31,33.63
20231129-125010,1.20,1.05,21.70,99578.25,33.70
20231129-125236,1.42,1.13,21.78,99592.78,33.86
20231129-125525,1.50,1.20,21.77,99590.41,33.88
20231129-125752,1.52,1.10,21.77,99580.69,33.52
20231129-130019,1.20,1.10,21.78,99577.03,33.41
20231129-130245,1.20,1.10,21.86,99575.78,33.55
20231129-130512,1.67,1.10,21.86,99570.53,33.53
20231129-130743,2.90,1.20,21.86,99560.03,33.73
20231129-131011,6.25,1.73,21.91,99560.88,34.69
20231129-131238,1.73,1.10,21.94,99554.34,35.06
20231129-131505,5.47,1.40,21.96,99557.50,35.51
20231129-131734,11.63,1.45,21.94,99549.88,35.93
20231129-132001,7.60,1.67,21.97,99544.13,35.83
20231129-132228,10.60,1.40,21.97,99544.13,35.60
20231129-132458,1.38,1.20,22.00,99542.81,35.74
20231129-132725,2.70,1.23,22.00,99534.94,35.43
20231129-132952,1.75,1.23,22.01,99529.44,35.62
20231129-133218,4.80,1.40,22.01,99520.78,35.35
20231129-133444,4.63,1.40,22.05,99514.75,35.63
20231129-133713,3.60,1.15,22.04,99518.44,35.77
20231129-133939,2.28,1.20,22.07,99523.19,34.91
20231129-134206,2.88,1.20,22.02,99524.97,35.17
20231129-134433,1.65,1.10,22.06,99534.72,34.56
20231129-134701,2.53,0.90,22.01,99531.28,34.96
20231129-134927,1.23,1.10,22.03,99523.94,34.61
20231129-135153,1.30,0.93,22.04,99526.31,34.83
20231129-135420,1.50,1.10,22.08,99518.72,34.01
20231129-135647,2.63,1.08,22.04,99507.13,34.42
20231129-135913,1.83,1.13,22.07,99507.44,34.34
20231129-140139,1.10,1.00,22.10,99511.38,33.94
20231129-140405,2.58,0.95,22.17,99510.13,34.12
20231129-140631,0.90,0.77,22.18,99509.06,33.90
20231129-140859,2.22,1.00,22.16,99505.13,33.90
20231129-141125,0.80,0.80,22.15,99503.53,33.72
20231129-141352,1.17,0.70,22.17,99499.59,33.78
20231129-141620,0.75,0.75,22.17,99504.06,33.83
20231129-141847,1.95,0.77,22.18,99497.78,33.59
20231129-142116,1.52,0.90,22.17,99494.34,33.91
20231129-142343,1.70,0.90,22.21,99494.66,33.65
20231129-142609,0.75,0.70,22.19,99489.66,33.59
20231129-142835,0.70,0.70,22.21,99490.16,33.77
20231129-143101,1.13,1.02,22.23,99484.66,33.81
20231129-143327,1.67,0.80,22.22,99478.63,34.00
20231129-143556,2.08,0.90,22.24,99481.78,34.09
20231129-144050,0.73,0.73,22.27,99462.13,33.86
20231129-144316,0.70,0.70,22.28,99472.38,33.85
20231129-144542,2.00,0.90,22.26,99461.31,33.81
20231129-145034,2.30,1.00,22.28,99461.88,33.54
20231129-145301,1.25,0.70,22.28,99461.06,33.38
20231129-145527,1.65,0.90,22.29,99455.56,33.30
20231129-145754,1.38,0.90,22.34,99458.22,33.20
20231129-150022,1.15,0.90,22.30,99441.38,33.12
20231129-150248,0.77,0.65,22.30,99451.09,33.21
20231129-150517,0.73,0.70,22.36,99447.44,33.02
20231129-150744,2.78,0.70,22.29,99441.63,33.15
20231129-151010,8.05,1.00,22.33,99442.72,32.95
20231129-151237,1.05,0.77,22.30,99438.75,32.60
20231129-151504,0.68,0.60,22.33,99448.72,32.94
20231129-151730,0.77,0.63,22.30,99444.00,32.70
20231129-151956,8.55,1.13,22.31,99440.34,32.44
20231129-152224,0.80,0.70,22.31,99445.59,32.89
20231129-152450,0.95,0.70,22.28,99438.22,32.86
20231129-152716,1.08,0.73,22.27,99438.47,32.84
20231129-152943,1.40,0.80,22.23,99438.19,32.11
20231129-153209,0.90,0.70,22.24,99437.13,32.34
20231129-153435,0.60,0.60,22.21,99435.03,32.24
20231129-153702,2.22,0.95,22.26,99432.44,32.07
20231129-153929,0.70,0.70,22.20,99432.66,32.04
20231129-154155,1.17,0.70,22.19,99439.75,32.25
20231129-154422,1.10,0.80,22.14,99434.47,32.42
20231129-154649,0.80,0.70,22.18,99440.00,32.23
20231129-154917,1.08,0.88,22.16,99436.84,32.05
20231129-155143,0.88,0.80,22.20,99441.31,32.62
20231129-155412,0.68,0.68,22.13,99435.53,32.43
20231129-155639,2.05,0.65,22.18,99435.53,32.45
20231129-155905,1.20,0.70,22.18,99438.16,32.42
20231129-160131,0.90,0.88,22.18,99442.63,32.79
20231129-160358,0.70,0.70,22.09,99426.56,32.47
20231129-160624,1.02,0.88,22.15,99435.28,32.38
20231129-160850,0.60,0.60,22.14,99438.91,32.83
20231129-161116,1.00,0.90,22.10,99436.03,32.48
20231129-161342,0.80,0.70,22.13,99439.97,33.05
20231129-161610,0.85,0.70,22.07,99438.38,32.62
20231129-161837,0.80,0.80,22.07,99438.38,32.97
20231129-162104,0.85,0.85,22.06,99431.53,32.52
20231129-162330,0.68,0.68,22.10,99433.41,32.62
20231129-162825,1.95,0.82,22.13,99432.09,32.89
20231129-163051,1.05,0.80,22.09,99426.56,32.75
20231129-163318,0.80,0.80,22.10,99430.78,32.79
20231129-163545,0.88,0.80,22.10,99429.97,32.25
20231129-163811,0.70,0.70,22.08,99432.88,32.71
20231129-164039,0.70,0.70,22.05,99417.63,32.93
20231129-164305,0.73,0.73,22.05,99412.38,32.49
20231129-164532,2.33,0.80,22.00,99401.06,33.11
20231129-164759,0.82,0.70,21.89,99396.78,33.16
20231129-165027,1.80,0.73,21.86,99408.59,33.20
20231129-165253,0.65,0.65,21.87,99404.16,33.21
20231129-165521,1.02,0.70,21.86,99405.16,33.61
20231129-165747,0.73,0.60,21.85,99406.22,33.73
20231129-170013,0.60,0.60,21.83,99403.06,34.00
20231129-170240,0.80,0.70,21.79,99396.75,34.22
20231129-170506,1.05,0.70,21.81,99408.56,34.24
20231129-170733,1.40,0.70,21.82,99402.28,34.60
20231129-171000,1.00,0.75,21.81,99403.31,34.53
20231129-171226,2.00,0.80,21.81,99405.16,34.69
20231129-171452,1.30,0.50,21.88,99408.34,36.16
20231129-171719,2.13,0.80,21.85,99409.66,35.18
20231129-171945,2.30,0.75,21.81,99397.28,34.70
20231129-172214,1.25,1.13,21.77,99409.31,35.32
20231129-172442,1.42,0.80,21.73,99405.59,34.99
20231129-172708,0.70,0.70,21.77,99406.69,35.46
20231129-172934,1.23,0.70,21.79,99399.38,35.61
20231129-173203,1.45,0.77,21.76,99405.91,35.63
20231129-173431,2.90,0.70,21.78,99401.19,35.63
20231129-173657,0.80,0.77,21.76,99397.25,35.57
20231129-173923,2.83,0.98,21.72,99386.44,35.76
20231129-174151,0.82,0.70,21.74,99378.34,35.42
20231129-174417,2.00,0.75,21.73,99385.41,35.66
20231129-174644,1.70,0.80,21.76,99377.06,35.98
20231129-174910,2.05,0.60,21.70,99375.41,35.83
20231129-175138,1.25,0.90,21.67,99381.16,35.89
20231129-175405,2.00,1.00,21.67,99375.91,36.29
20231129-175635,1.52,0.80,21.60,99363.00,35.69
20231129-175901,2.30,0.90,21.59,99369.31,36.01
20231129-180127,3.10,0.73,21.64,99368.56,36.39
20231129-180354,1.42,0.70,21.64,99379.06,36.17
20231129-180621,1.92,0.60,21.63,99366.97,36.12
20231129-180850,1.52,0.73,21.61,99364.63,36.37
20231129-181116,1.23,0.80,21.59,99361.44,36.16
20231129-181342,1.77,0.80,21.59,99361.44,36.16
20231129-181609,2.60,0.82,21.58,99354.63,36.50
20231129-181835,2.75,0.82,21.56,99361.94,36.33
20231129-182101,2.47,0.88,21.55,99362.19,36.90
20231129-182327,2.15,0.82,21.57,99362.75,36.44
20231129-182555,10.10,1.10,21.55,99351.72,36.64
20231129-182822,4.18,1.08,21.53,99351.97,36.66
20231129-183049,2.90,1.05,21.52,99350.38,36.49
20231129-183315,3.28,0.82,21.50,99357.72,36.59
20231129-183541,3.60,0.93,21.53,99356.41,36.53
20231129-183813,0.98,0.70,21.52,99352.22,36.79
20231129-184039,1.00,0.90,21.53,99359.81,36.91
20231129-184305,0.90,0.80,21.52,99354.84,36.97
20231129-184531,2.95,0.80,21.47,99354.78,36.96
20231129-184757,2.65,1.58,21.44,99352.66,36.96
20231129-185025,1.77,0.90,21.38,99345.81,37.06
20231129-185251,1.42,1.08,21.46,99345.34,37.07
20231129-185518,2.40,1.00,21.44,99342.19,36.91
20231129-190022,2.03,1.10,21.38,99327.44,37.49
20231129-190249,2.33,0.90,21.39,99327.19,37.05
20231129-190516,2.15,0.90,21.40,99325.38,37.56
20231129-190742,2.35,0.90,21.40,99333.25,37.66
20231129-191009,2.72,1.00,21.39,99332.44,37.21
20231129-191235,3.47,1.20,21.36,99329.56,37.69
20231129-191503,2.83,1.20,21.37,99329.31,37.66
20231129-191729,3.38,1.00,21.35,99341.06,37.75
20231129-191955,1.52,1.10,21.37,99325.88,37.74
20231129-192223,2.00,1.23,21.34,99332.44,37.61
20231129-192451,2.03,1.10,21.36,99340.81,37.50
20231129-192718,2.33,1.27,21.29,99335.00,37.54
20231129-192945,4.05,1.05,21.33,99335.31,37.75
20231129-193211,3.72,1.10,21.34,99339.50,37.49
20231129-193437,2.97,1.30,21.40,99352.41,38.04
20231129-193947,3.25,1.40,21.18,99348.31,37.53
20231129-194215,7.07,1.65,21.07,99339.56,37.85
20231129-194442,5.40,1.48,21.06,99345.06,37.93
20231129-194709,4.03,1.10,20.98,99342.88,37.82
20231129-194935,3.42,1.40,20.93,99340.22,38.03
20231129-195201,7.30,1.70,20.89,99336.53,37.82
20231129-195427,4.57,1.40,20.87,99330.72,38.17
20231129-195654,3.90,1.30,20.81,99335.16,38.26
20231129-195920,5.22,1.50,20.78,99332.22,37.95
20231129-200147,7.00,1.65,20.74,99323.28,37.86
20231129-200414,3.70,1.40,20.70,99328.22,37.75
20231129-200640,4.70,1.50,20.70,99330.84,37.92
20231129-200910,2.67,1.52,20.68,99334.75,37.89
20231129-201136,3.83,1.20,20.60,99322.91,37.88
20231129-201403,3.17,1.42,20.59,99333.63,37.70
20231129-201629,3.53,1.33,20.56,99328.88,38.09
20231129-201855,5.00,1.70,20.55,99327.28,38.20
20231129-202121,2.80,1.70,20.54,99330.94,37.99
20231129-202351,1.95,1.50,20.49,99329.06,38.25
20231129-202617,4.40,1.45,20.50,99327.25,37.95
20231129-202843,3.88,1.35,20.48,99327.50,37.73
20231129-203111,4.40,1.40,20.48,99324.06,37.70
20231129-203337,3.47,1.50,20.47,99312.81,38.30
20231129-203608,3.58,1.40,20.40,99308.81,38.07
20231129-203835,4.72,1.60,20.42,99309.34,38.15
20231129-204102,3.53,1.65,20.42,99312.75,38.05
20231129-204329,4.30,1.85,20.43,99313.56,37.80
20231129-204557,2.72,1.58,20.25,99298.19,37.71
20231129-204824,2.55,1.40,20.35,99320.03,38.16
20231129-205051,2.83,1.52,20.35,99316.63,38.00
20231129-205319,3.30,1.60,20.35,99314.00,38.18
20231129-205545,4.25,1.75,20.32,99314.50,37.87
20231129-205813,5.18,1.80,20.29,99309.75,38.04
20231129-210041,4.53,1.73,20.33,99310.81,38.05
20231129-210307,3.67,1.90,20.27,99314.44,38.23
20231129-210533,3.50,1.70,20.27,99317.84,37.97
20231129-210803,4.25,1.60,20.22,99320.41,38.04
20231129-211032,3.78,1.85,20.14,99328.69,37.85
20231129-211259,3.50,1.70,20.04,99319.91,38.15
20231129-211525,4.10,1.60,20.04,99323.31,38.44
20231129-211753,3.47,1.70,20.01,99320.41,37.98
20231129-212019,4.45,1.60,19.99,99320.63,38.47
20231129-212247,3.67,1.80,19.91,99301.97,38.03
20231129-212514,2.95,1.75,19.90,99311.63,38.08
20231129-212745,3.67,2.10,19.87,99304.28,38.53
20231129-213012,4.50,1.77,19.83,99309.19,38.29
20231129-213239,4.25,1.80,19.81,99310.47,38.10
20231129-213506,5.57,1.90,19.75,99307.00,38.33
20231129-213734,4.95,1.92,19.73,99306.44,38.67
20231129-214000,3.25,1.63,19.65,99298.25,38.71
20231129-214226,4.65,1.80,19.66,99305.84,38.33
20231129-214452,6.57,1.88,19.61,99302.38,38.68
20231129-214721,3.92,1.95,19.58,99308.88,38.66
20231129-214948,3.67,1.73,19.54,99306.97,38.68
20231129-215215,3.53,1.95,19.49,99304.31,38.64
20231129-215441,3.53,1.83,19.47,99309.78,38.46
20231129-215708,3.60,1.85,19.46,99315.25,38.40
20231129-215936,3.28,1.65,19.40,99311.78,39.02
20231129-220202,2.50,1.60,19.38,99303.38,39.01
20231129-220430,4.30,1.70,19.32,99295.69,38.79
20231129-220656,3.00,1.65,19.33,99307.75,38.87
20231129-220922,2.80,1.80,19.32,99301.72,38.87
20231129-221150,3.75,1.98,19.29,99306.63,38.69
20231129-221417,3.67,2.10,19.26,99304.47,38.96
20231129-221643,3.28,1.90,19.20,99301.00,39.00
20231129-221909,3.45,1.83,19.22,99306.78,38.64
20231129-222137,3.55,1.80,19.19,99303.84,38.94
20231129-222405,3.92,1.80,19.15,99310.59,38.75
20231129-222631,1.77,1.50,19.10,99300.03,38.91
20231129-222857,3.45,1.90,19.09,99291.41,38.66
20231129-223124,2.67,1.80,19.05,99289.53,38.68
20231129-223351,3.60,1.80,19.05,99289.53,38.86
20231129-223617,2.35,1.80,19.02,99290.78,39.25
20231129-223843,3.60,2.05,19.00,99285.03,38.62
20231129-224110,4.80,2.08,18.96,99275.28,39.22
20231129-224337,3.42,1.80,18.92,99272.34,38.91
20231129-224604,4.28,1.90,18.86,99267.28,39.09
20231129-224830,3.83,1.90,18.89,99272.03,39.23
20231129-225056,3.67,1.98,18.88,99270.44,38.94
20231129-225322,3.80,2.10,18.84,99259.66,39.09
20231129-225548,3.10,1.80,18.84,99269.34,39.13
20231129-225815,3.33,2.03,18.79,99259.63,39.45
20231129-230043,3.50,1.80,18.80,99263.00,38.95
20231129-230309,3.97,2.00,18.74,99251.69,39.31
20231129-230536,4.78,2.13,18.72,99245.13,39.00
20231129-230803,3.58,2.00,18.68,99239.56,38.90
20231129-231033,2.58,1.67,18.67,99243.22,39.38
20231129-231259,2.90,1.90,18.64,99235.06,39.46
20231129-231525,3.72,2.40,18.63,99236.91,39.18
20231129-231752,3.42,2.03,18.61,99227.69,39.39
20231129-232020,5.47,2.25,18.60,99233.97,39.61
20231129-232246,3.60,2.13,18.55,99229.44,39.50
20231129-232513,2.40,1.63,18.51,99230.97,39.36
20231129-232740,3.15,2.20,18.52,99222.09,39.12
20231129-233006,4.20,2.15,18.51,99230.16,39.08
20231129-233233,4.25,2.30,18.49,99238.22,39.40
20231129-233500,3.40,2.10,18.47,99236.88,39.09
20231129-233728,4.88,2.10,18.45,99226.69,39.29
20231129-233955,2.55,1.95,18.42,99237.59,39.38
20231129-234223,3.92,2.15,18.37,99223.66,39.40
20231129-234452,2.72,1.85,18.39,99227.63,39.15
20231129-234720,4.32,2.30,18.36,99230.69,39.44
20231129-234946,4.65,2.50,18.26,99224.50,39.66
20231129-235216,3.17,2.25,18.34,99237.13,39.33
20231129-235443,5.72,2.20,18.31,99238.41,39.42
20231129-235711,4.70,2.13,18.31,99235.78,39.29
20231129-235938,4.05,2.40,18.27,99232.09,39.13
20231130-000205,4.30,2.15,18.29,99242.28,39.22
20231130-000431,3.33,2.10,18.26,99232.31,39.71
20231130-000657,4.15,2.25,18.24,99232.56,39.21
20231130-000926,3.03,2.25,18.21,99222.59,39.40
20231130-001154,3.60,2.50,18.20,99228.84,39.17
20231130-001420,4.15,2.60,18.16,99216.50,39.81
20231130-001646,4.75,2.60,18.13,99219.56,39.66
20231130-001913,3.67,2.35,18.13,99228.16,39.57
20231130-002139,4.07,2.47,18.11,99221.59,39.58
20231130-002407,3.75,2.40,18.12,99228.41,39.90
20231130-002634,3.60,2.50,18.10,99225.25,39.49
20231130-002900,4.50,2.45,18.09,99223.66,39.59
20231130-003127,3.95,2.40,18.07,99221.28,39.62
20231130-003353,6.38,2.63,18.05,99214.72,39.72
20231130-003619,4.53,2.60,18.04,99216.53,39.69
20231130-003845,4.22,2.60,18.01,99216.22,39.34
20231130-004115,4.80,2.38,17.98,99211.47,39.70
20231130-004342,3.95,2.42,17.97,99215.88,39.52
20231130-004609,5.30,2.70,17.97,99209.91,39.42
20231130-004837,4.15,2.70,17.94,99199.94,39.96
20231130-005104,4.18,2.50,17.87,99189.63,39.81
20231130-005331,6.88,2.83,17.89,99193.56,39.72
20231130-005559,4.38,2.67,17.89,99190.19,39.78
20231130-010053,5.38,2.58,17.88,99185.97,39.67
20231130-010320,4.22,2.60,17.85,99186.44,39.68
20231130-010546,3.97,2.40,17.83,99188.53,39.60
20231130-010814,5.00,2.70,17.81,99193.16,39.83
20231130-011040,4.35,2.65,17.81,99180.13,39.54
20231130-011306,4.55,2.60,17.80,99179.31,39.88
20231130-011533,4.35,2.20,17.78,99175.38,39.84
20231130-011759,4.43,2.63,17.76,99174.81,39.69
20231130-012025,4.45,2.80,17.74,99169.81,40.03
20231130-012255,4.13,2.65,17.72,99165.88,39.85
20231130-012521,3.92,2.80,17.70,99167.91,39.94
20231130-012750,4.65,3.00,17.71,99164.31,39.82
20231130-013016,4.43,2.58,17.70,99160.91,39.51
20231130-013244,6.13,2.95,17.68,99149.91,39.85
20231130-013510,5.07,2.83,17.67,99142.31,39.58
20231130-013736,4.45,2.90,17.65,99139.94,40.17
20231130-014004,5.15,2.90,17.63,99130.78,40.01
20231130-014230,4.07,2.83,17.61,99125.00,40.14
20231130-014457,4.85,2.60,17.61,99117.16,39.84
20231130-014723,4.65,2.70,17.59,99111.41,40.12
20231130-014949,5.00,2.80,17.58,99099.41,40.19
20231130-015218,4.68,2.63,17.58,99113.22,39.90
20231130-015445,5.78,2.85,17.54,99113.91,40.02
20231130-015711,4.00,2.40,17.53,99117.56,40.25
20231130-015940,4.90,3.10,17.51,99106.56,40.22
20231130-020206,5.07,2.97,17.52,99102.97,40.13
20231130-020433,5.30,2.83,17.51,99102.16,39.92
20231130-020659,5.65,2.50,17.49,99108.63,40.21
20231130-020925,5.60,2.67,17.48,99107.84,39.93
20231130-021152,5.55,2.60,17.47,99101.03,40.17
20231130-021655,4.40,2.95,17.42,99095.69,40.25
20231130-021922,5.40,2.55,17.40,99091.75,40.38
20231130-022149,5.78,2.60,17.43,99099.13,40.12
20231130-022415,5.38,2.95,17.42,99092.28,39.93
20231130-022641,4.65,2.70,17.38,99084.16,40.13
20231130-022908,4.18,2.65,17.34,99077.81,39.87
20231130-023135,4.53,2.70,17.38,99089.38,39.94
20231130-023402,5.28,2.90,17.38,99093.78,40.12
20231130-023629,4.88,2.92,17.36,99095.81,40.30
20231130-023857,4.38,2.70,17.33,99099.69,40.05
20231130-024123,5.18,2.85,17.33,99102.31,40.14
20231130-024350,4.15,2.83,17.28,99083.19,40.05
20231130-024617,4.97,3.13,17.29,99082.94,40.18
20231130-024843,5.95,2.92,17.27,99084.19,40.56
20231130-025109,4.72,2.63,17.28,99083.19,40.31
20231130-025336,4.63,2.92,17.26,99075.59,40.02
20231130-025603,3.83,2.78,17.27,99086.78,40.41
20231130-025833,4.90,2.60,17.22,99071.09,39.97
20231130-030100,5.20,2.80,17.22,99076.28,40.40
20231130-030326,5.00,2.80,17.22,99084.09,40.02
20231130-030552,5.55,3.10,17.19,99079.38,40.28
20231130-030819,5.72,2.80,17.20,99071.31,40.14
20231130-031045,4.22,2.60,17.19,99074.94,40.17
20231130-031311,3.90,2.72,17.18,99067.38,40.42
20231130-031538,4.28,2.58,17.17,99077.00,40.51
20231130-031804,5.95,2.70,17.14,99081.84,40.48
20231130-032031,5.03,2.88,17.15,99080.84,40.46
20231130-032257,6.25,3.10,17.13,99068.06,40.12
20231130-032523,4.68,2.90,17.12,99058.66,39.90
20231130-032749,5.15,2.95,17.13,99067.25,40.03
20231130-033016,5.15,2.80,17.11,99069.28,40.24
20231130-033242,4.35,2.75,17.03,99064.47,40.34
20231130-033509,3.97,2.80,17.03,99060.03,40.04
20231130-033735,4.72,3.10,17.07,99057.75,40.05
20231130-034001,5.40,2.95,17.07,99058.56,40.56
20231130-034228,4.32,2.70,17.06,99056.97,39.89
20231130-034455,4.35,2.90,17.00,99039.66,40.53
20231130-034722,4.75,2.72,17.01,99038.66,40.44
20231130-034948,5.32,2.80,17.03,99035.81,40.53
20231130-035214,5.65,2.90,16.99,99019.84,40.44
20231130-035440,4.93,3.05,16.99,99006.84,40.31
20231130-035706,4.70,2.90,16.97,99001.06,40.51
20231130-035933,5.10,2.72,16.97,98998.47,40.41
20231130-040159,4.50,2.83,16.96,99012.50,40.52
20231130-040425,5.28,2.80,16.95,99008.34,40.41
20231130-040651,4.93,2.92,16.94,99011.94,40.50
20231130-040918,5.10,2.90,16.93,99014.78,40.20
20231130-041144,4.18,2.55,16.93,99022.59,40.39
20231130-041411,5.78,3.00,16.92,99034.03,40.49
20231130-041637,3.85,2.65,16.92,99027.03,40.55
20231130-041903,4.30,2.67,16.91,99012.41,40.44
20231130-042130,5.20,3.00,16.88,99012.88,40.75
20231130-042356,5.13,2.88,16.87,99008.69,40.45
20231130-042623,4.93,2.75,16.87,99021.69,40.52
20231130-042849,3.97,2.88,16.87,99010.50,40.42
20231130-043115,4.32,2.60,16.84,98988.31,40.25
20231130-043341,4.25,2.50,16.79,98977.81,40.71
20231130-043608,4.07,2.70,16.83,98985.94,40.46
20231130-043834,4.65,2.85,16.81,98990.63,40.60
20231130-044100,4.32,2.83,16.81,98983.56,40.74
20231130-044326,5.47,3.00,16.79,98980.44,40.52
20231130-044552,5.15,2.80,16.78,98991.84,40.43
20231130-044819,5.05,2.88,16.78,98984.03,40.71
20231130-045047,4.72,2.63,16.77,98976.47,40.76
20231130-045313,4.47,2.78,16.77,98979.84,40.30
20231130-045539,4.70,2.75,16.72,98968.56,40.72
20231130-045806,4.50,2.88,16.74,98966.50,40.53
20231130-050034,3.83,2.92,16.71,98961.75,40.50
20231130-050300,5.45,2.92,16.72,98978.97,40.90
20231130-050527,4.63,2.70,16.70,98976.59,40.75
20231130-050753,4.43,2.58,16.70,98963.59,40.51
20231130-051021,4.35,2.78,16.65,98955.69,40.50
20231130-051247,5.15,2.80,16.70,98960.19,40.32
20231130-051513,4.75,2.95,16.68,98954.41,40.42
20231130-051739,5.55,3.00,16.63,98943.94,40.48
20231130-052006,4.68,2.83,16.66,98972.09,40.53
20231130-052232,5.38,2.95,16.64,98979.34,40.38
20231130-052459,4.18,2.70,16.63,98983.72,40.26
20231130-052726,4.03,2.72,16.58,98965.44,40.76
20231130-052953,4.03,2.60,16.63,98962.91,40.67
20231130-053221,4.05,2.97,16.62,98955.34,40.63
20231130-053447,4.55,2.78,16.60,98941.78,40.29
20231130-053940,4.72,2.83,16.50,98918.19,40.92
20231130-054206,4.55,2.65,16.53,98943.69,40.54
20231130-054433,4.53,3.03,16.61,98949.34,40.50
20231130-054700,4.88,2.70,16.66,98948.66,40.25
20231130-054926,3.85,2.58,16.70,98944.56,40.40
20231130-055152,4.35,2.67,16.75,98952.50,40.31
20231130-055646,3.60,2.47,16.78,98942.38,40.10
20231130-055914,4.35,2.40,16.78,98941.63,40.06
20231130-060140,4.18,2.38,16.66,98922.66,39.59
20231130-060406,3.08,2.25,16.80,98952.56,39.90
20231130-060632,3.15,2.10,16.81,98954.16,39.43
20231130-060858,2.92,2.20,16.82,98945.31,39.36
20231130-061125,2.50,2.00,16.85,98950.88,39.39
20231130-061352,3.60,2.30,16.87,98941.00,39.08
20231130-061619,3.42,2.13,16.85,98924.84,39.30
20231130-061846,3.30,2.13,16.84,98919.84,39.51
20231130-062113,2.55,1.80,16.88,98924.34,39.09
20231130-062339,2.78,1.95,16.88,98926.94,39.29
20231130-062606,3.00,2.10,16.91,98936.13,38.99
20231130-062832,2.63,1.70,16.90,98944.94,39.12
20231130-063059,3.17,1.92,16.91,98946.53,38.58
20231130-063329,3.05,2.08,16.93,98960.91,38.59
20231130-063556,3.28,2.00,16.93,98955.69,38.74
20231130-063823,2.60,1.80,16.93,98942.66,38.94
20231130-064049,2.85,1.60,16.95,98958.06,38.48
20231130-064318,2.30,1.88,16.93,98950.47,38.64
20231130-064545,3.70,1.90,16.94,98952.06,38.50
20231130-064813,2.38,1.60,16.97,98945.59,38.32
20231130-065040,2.08,1.52,16.92,98932.47,38.41
20231130-065306,1.83,1.58,16.99,98946.16,38.49
20231130-065534,2.30,1.70,16.99,98944.34,38.08
20231130-065800,2.60,1.67,17.00,98945.91,37.93
20231130-070027,1.77,1.33,17.02,98943.88,37.71
20231130-070253,2.00,1.50,17.10,98934.91,37.93
20231130-070519,1.40,1.20,17.20,98930.66,38.07
20231130-070746,1.92,1.40,17.31,98926.41,37.86
20231130-071012,1.45,1.30,17.42,98915.91,37.93
20231130-071239,1.60,1.48,17.52,98918.69,37.87
20231130-071506,1.67,1.40,17.61,98937.31,37.09
20231130-071735,1.75,1.40,17.67,98923.31,37.25
20231130-072001,1.70,1.40,17.76,98937.53,37.18
20231130-072227,1.73,1.40,17.80,98936.81,36.95
20231130-072453,1.58,1.33,17.86,98927.28,37.44
20231130-072720,1.60,1.40,17.92,98931.53,36.82
20231130-072948,1.88,1.30,17.98,98932.38,37.12
20231130-073214,1.90,1.35,18.06,98942.41,37.14
20231130-073442,2.45,1.42,18.11,98939.88,36.56
20231130-073710,1.75,1.30,18.17,98944.13,36.47
20231130-073936,1.50,1.15,18.20,98943.63,36.93
20231130-074202,1.30,1.10,18.27,98955.47,36.45
20231130-074430,1.30,1.20,18.32,98945.13,36.59
20231130-074656,1.20,1.10,18.36,98933.16,36.72
20231130-074922,1.77,1.20,18.43,98933.78,35.90
20231130-075148,1.20,1.10,18.47,98924.44,36.10
20231130-075414,1.30,1.20,18.53,98938.34,36.04
20231130-075641,1.48,1.17,18.54,98932.09,36.23
20231130-075907,1.20,1.10,18.64,98937.41,35.38
20231130-080134,2.17,1.23,18.67,98939.53,36.22
20231130-080401,1.85,1.27,18.68,98941.91,35.69
20231130-080627,1.60,1.10,18.78,98936.78,35.89
20231130-080853,2.05,1.10,18.83,98939.47,35.36
20231130-081119,1.45,1.30,18.87,98921.47,35.65
20231130-081345,1.83,1.30,18.88,98921.25,35.20
20231130-081612,1.10,1.00,18.94,98915.03,35.21
20231130-081838,1.38,1.20,18.96,98905.09,34.97
20231130-082107,1.60,1.20,19.05,98910.69,35.36
20231130-082336,1.77,1.30,19.10,98915.94,34.55
20231130-082612,1.40,1.20,19.14,98925.66,35.27
20231130-082838,1.65,1.30,19.18,98929.34,35.05
20231130-083331,1.25,1.15,19.17,98938.22,34.92
20231130-083557,2.13,1.40,19.24,98935.41,34.80
20231130-083823,1.63,1.38,19.33,98947.03,34.30
20231130-084050,1.55,1.15,19.36,98951.75,34.59
20231130-084316,12.70,1.98,19.42,98940.31,34.44
20231130-084543,1.67,1.30,19.55,98942.50,34.56
20231130-084809,4.22,1.70,19.63,98940.19,34.50
20231130-085036,1.35,1.20,19.65,98939.94,34.40
20231130-085304,4.43,1.40,19.72,98937.91,36.17
20231130-085531,3.55,1.33,19.75,98940.81,34.85
20231130-085757,3.53,1.27,19.79,98926.19,34.12
20231130-090024,2.55,1.30,19.77,98928.28,34.90
20231130-090251,1.75,1.15,19.83,98944.78,34.84
20231130-090519,1.10,1.00,19.84,98948.97,34.26
20231130-090747,1.27,1.10,19.80,98947.91,34.31
20231130-091013,1.42,1.33,19.85,98955.00,33.98
20231130-091239,1.42,1.30,19.93,98967.59,33.80
20231130-091507,1.20,1.00,19.92,98968.66,34.17
20231130-091733,1.65,1.30,19.96,98980.16,34.24
20231130-091959,1.80,1.33,20.02,98985.19,34.36
20231130-092226,2.33,1.30,20.06,98975.03,34.79
20231130-092452,1.60,1.38,20.09,98974.53,34.83
20231130-092718,1.63,1.20,20.09,98975.28,34.77
20231130-092945,1.85,1.25,20.12,98979.25,34.35
20231130-093220,1.13,1.00,20.16,98986.38,34.83
20231130-093446,1.63,1.10,20.21,98993.44,34.09
20231130-093712,1.40,1.10,20.25,98990.06,34.17
20231130-093941,1.63,1.13,20.32,98976.75,33.85
20231130-094208,1.30,1.20,20.35,98974.44,33.87
20231130-094435,1.20,1.10,20.34,98975.44,33.27
20231130-094703,1.65,1.20,20.36,98978.63,33.27
20231130-094930,1.10,1.00,20.37,98995.13,33.67
20231130-095156,5.15,1.40,20.45,98997.25,33.39
20231130-095424,3.42,1.30,20.46,98999.59,33.75
20231130-095651,4.90,1.58,20.49,99006.19,33.64
20231130-095917,1.20,1.10,20.52,99008.28,33.42
20231130-100144,1.52,1.20,20.54,99003.56,33.81
20231130-100410,1.30,1.20,20.62,99009.09,33.66
20231130-100636,2.05,1.30,20.60,99013.81,33.83
20231130-100903,2.08,1.42,20.64,99021.94,33.53
20231130-101130,3.88,1.40,20.70,99015.69,33.83
20231130-101357,1.92,1.30,20.81,99019.94,33.34
20231130-101625,2.22,1.15,20.82,99018.88,33.47
20231130-101856,1.88,1.30,20.83,99017.84,33.61
20231130-102124,2.63,1.40,20.87,99017.09,33.82
20231130-102351,2.20,1.25,20.96,99020.03,33.19
20231130-102622,4.85,1.30,21.00,99021.88,33.21
20231130-102848,2.78,1.30,21.05,99023.72,33.50
20231130-103116,1.58,1.10,21.07,99029.47,33.05
20231130-103343,1.33,1.23,21.09,99030.00,33.04
